{"cameraMode":{"drawMode":0,"name":"Shaded","section":"Shading Mode"},"sceneLighting":false,"audioPlay":false,"sceneViewState":{"showFog":true,"showMaterialUpdate":false,"showSkybox":false,"showFlares":true,"showImageEffects":true,"showParticleSystems":true},"in2DMode":false,"pivot":{"x":-2.624938488006592,"y":-7.5757856369018559,"z":1.2982726097106934},"rotation":{"x":-0.3660038709640503,"y":0.021026281639933587,"z":-0.008271249011158944,"w":-0.9303450584411621},"size":33.54457092285156,"orthographic":false}