{"cameraMode":{"drawMode":0,"name":"Shaded","section":"Shading Mode"},"sceneLighting":false,"audioPlay":false,"sceneViewState":{"showFog":true,"showMaterialUpdate":false,"showSkybox":false,"showFlares":true,"showImageEffects":true,"showParticleSystems":true},"in2DMode":false,"pivot":{"x":-2.6673479080200197,"y":0.8563663363456726,"z":-6.547361373901367},"rotation":{"x":-0.06276795268058777,"y":0.9088594317436218,"z":-0.3847962021827698,"w":-0.1482614427804947},"size":11.581266403198243,"orthographic":false}