{"cameraMode":{"drawMode":0,"name":"Shaded","section":"Shading Mode"},"sceneLighting":false,"audioPlay":false,"sceneViewState":{"showFog":true,"showMaterialUpdate":false,"showSkybox":false,"showFlares":true,"showImageEffects":true,"showParticleSystems":true},"in2DMode":false,"pivot":{"x":-0.003984183073043823,"y":0.23171105980873109,"z":-0.0059119462966918949},"rotation":{"x":0.20549160242080689,"y":0.2180933803319931,"z":-0.047031767666339877,"w":0.9528908133506775},"size":1.6178510189056397,"orthographic":false}