{"cameraMode":{"drawMode":0,"name":"Shaded","section":"Shading Mode"},"sceneLighting":false,"audioPlay":false,"sceneViewState":{"showFog":true,"showMaterialUpdate":false,"showSkybox":false,"showFlares":true,"showImageEffects":true,"showParticleSystems":true},"in2DMode":false,"pivot":{"x":-2.3233752250671388,"y":0.3831844627857208,"z":-0.641157865524292},"rotation":{"x":0.23414358496665955,"y":-0.021872268989682199,"z":0.005269278772175312,"w":0.9719440340995789},"size":38.321685791015628,"orthographic":false}