{"cameraMode":{"drawMode":0,"name":"Shaded","section":"Shading Mode"},"sceneLighting":false,"audioPlay":false,"sceneViewState":{"showFog":true,"showMaterialUpdate":false,"showSkybox":false,"showFlares":true,"showImageEffects":true,"showParticleSystems":true},"in2DMode":false,"pivot":{"x":-0.2520812153816223,"y":1.1562349796295167,"z":5.289962291717529},"rotation":{"x":-0.04771089181303978,"y":0.9468464851379395,"z":-0.1667366474866867,"w":-0.2709367275238037},"size":3.1578941345214845,"orthographic":false}