{"cameraMode":{"drawMode":0,"name":"Shaded","section":"Shading Mode"},"sceneLighting":false,"audioPlay":false,"sceneViewState":{"showFog":true,"showMaterialUpdate":false,"showSkybox":false,"showFlares":true,"showImageEffects":true,"showParticleSystems":true},"in2DMode":false,"pivot":{"x":0.502835750579834,"y":-0.29096871614456179,"z":-0.3430824279785156},"rotation":{"x":0.3389337658882141,"y":0.0887226089835167,"z":-0.03212503716349602,"w":0.936068058013916},"size":1.462477684020996,"orthographic":false}